{"individual_train_loss": 5.587772846221924, "step_accuracy": 0.01, "_timestamp": 1709901996.452965, "_runtime": 649.6470680236816, "_step": 29}